league,format,game_in_format,red_team_outcome,blue_team_outcome,season_format,riot_match_id,min_start_time,month,day,year,red_team_id,blue_team_id,winner_id,loser_id
0,2,1,0,1,0,111561337007371296,2024-04-14 06:00:00+00:00,4,14,2024,2144,2145,2145,2144
0,2,2,0,1,0,111561337007371297,2024-04-14 06:43:17+00:00,4,14,2024,2145,2144,2144,2145
0,2,3,1,0,0,111561337007371298,2024-04-14 07:15:17+00:00,4,14,2024,2144,2145,2144,2145
0,2,4,0,1,0,111561337007371299,2024-04-14 07:53:09+00:00,4,14,2024,2144,2145,2145,2144
0,2,5,1,0,0,111561337007371300,2024-04-14 08:23:02+00:00,4,14,2024,2145,2144,2145,2144
0,2,1,0,1,0,111561337007371290,2024-04-13 06:00:00+00:00,4,13,2024,2144,2122,2122,2144
0,2,2,0,1,0,111561337007371291,2024-04-13 06:40:00+00:00,4,13,2024,2122,2144,2144,2122
0,2,3,0,1,0,111561337007371292,2024-04-13 07:15:17+00:00,4,13,2024,2122,2144,2144,2122
0,2,4,1,0,0,111561337007371293,2024-04-13 07:50:26+00:00,4,13,2024,2144,2122,2144,2122
0,2,1,0,1,0,111561337007371284,2024-04-07 06:00:00+00:00,4,7,2024,2118,2144,2144,2118
0,2,2,1,0,0,111561337007371285,2024-04-07 06:32:45+00:00,4,7,2024,2144,2118,2144,2118
0,2,3,1,0,0,111561337007371286,2024-04-07 07:06:01+00:00,4,7,2024,2144,2118,2144,2118
0,2,1,1,0,0,111561337007371278,2024-04-06 06:00:00+00:00,4,6,2024,2122,2145,2122,2145
0,2,2,0,1,0,111561337007371279,2024-04-06 06:35:15+00:00,4,6,2024,2122,2145,2145,2122
0,2,3,1,0,0,111561337007371280,2024-04-06 07:16:02+00:00,4,6,2024,2145,2122,2145,2122
0,2,4,1,0,0,111561337007371281,2024-04-06 07:58:49+00:00,4,6,2024,2145,2122,2145,2122
0,2,1,1,0,0,111561337007371272,2024-04-04 08:00:00+00:00,4,4,2024,2122,2144,2122,2144
0,2,2,1,0,0,111561337007371273,2024-04-04 08:35:35+00:00,4,4,2024,2122,2144,2122,2144
0,2,3,1,0,0,111561337007371274,2024-04-04 09:15:15+00:00,4,4,2024,2122,2144,2122,2144
0,2,1,0,1,0,111561337007371266,2024-04-03 08:00:00+00:00,4,3,2024,2118,2145,2145,2118
0,2,2,0,1,0,111561337007371267,2024-04-03 08:31:58+00:00,4,3,2024,2145,2118,2118,2145
0,2,3,0,1,0,111561337007371268,2024-04-03 09:07:19+00:00,4,3,2024,2118,2145,2145,2118
0,2,4,0,1,0,111561337007371269,2024-04-03 09:38:58+00:00,4,3,2024,2145,2118,2118,2145
0,2,5,0,1,0,111561337007371270,2024-04-03 10:17:01+00:00,4,3,2024,2118,2145,2145,2118
0,2,1,1,0,0,111561337007371260,2024-03-31 06:00:00+00:00,3,31,2024,2118,2123,2118,2123
0,2,2,0,1,0,111561337007371261,2024-03-31 06:38:22+00:00,3,31,2024,2118,2123,2123,2118
0,2,3,0,1,0,111561337007371262,2024-03-31 07:20:11+00:00,3,31,2024,2118,2123,2123,2118
0,2,4,0,1,0,111561337007371263,2024-03-31 07:59:41+00:00,3,31,2024,2123,2118,2118,2123
0,2,5,1,0,0,111561337007371264,2024-03-31 08:23:42+00:00,3,31,2024,2118,2123,2118,2123
0,2,1,0,1,0,111561337007371254,2024-03-30 06:00:00+00:00,3,30,2024,2117,2122,2122,2117
0,2,2,0,1,0,111561337007371255,2024-03-30 06:36:09+00:00,3,30,2024,2117,2122,2122,2117
0,2,3,0,1,0,111561337007371256,2024-03-30 07:06:08+00:00,3,30,2024,2117,2122,2122,2117
0,1,1,0,1,1,111561337007305678,2024-03-24 08:30:00+00:00,3,24,2024,2117,2123,2123,2117
0,1,2,1,0,1,111561337007305679,2024-03-24 08:58:14+00:00,3,24,2024,2123,2117,2123,2117
0,1,1,0,1,1,111561337007305622,2024-03-24 06:00:00+00:00,3,24,2024,2120,2124,2124,2120
0,1,2,1,0,1,111561337007305623,2024-03-24 06:34:41+00:00,3,24,2024,2124,2120,2124,2120
0,1,1,1,0,1,111561337007305570,2024-03-23 08:30:00+00:00,3,23,2024,2144,2119,2144,2119
0,1,2,1,0,1,111561337007305571,2024-03-23 08:56:14+00:00,3,23,2024,2144,2119,2144,2119
0,1,1,0,1,1,111561337007305582,2024-03-23 06:00:00+00:00,3,23,2024,2118,2122,2122,2118
0,1,2,1,0,1,111561337007305583,2024-03-23 06:32:35+00:00,3,23,2024,2122,2118,2122,2118
0,1,1,1,0,1,111561337007371242,2024-03-22 10:30:00+00:00,3,22,2024,2124,2125,2124,2125
0,1,2,0,1,1,111561337007371243,2024-03-22 10:58:53+00:00,3,22,2024,2124,2125,2125,2124
0,1,3,1,0,1,111561337007371244,2024-03-22 11:33:50+00:00,3,22,2024,2125,2124,2125,2124
0,1,1,0,1,1,111561337007305606,2024-03-22 08:00:00+00:00,3,22,2024,2120,2145,2145,2120
0,1,2,1,0,1,111561337007305607,2024-03-22 08:27:16+00:00,3,22,2024,2145,2120,2145,2120
0,1,1,1,0,1,111561337007305590,2024-03-21 10:30:00+00:00,3,21,2024,2117,2118,2117,2118
0,1,2,1,0,1,111561337007305591,2024-03-21 11:06:39+00:00,3,21,2024,2117,2118,2117,2118
0,1,1,0,1,1,111561337007305658,2024-03-21 08:00:00+00:00,3,21,2024,2122,2123,2123,2122
0,1,2,0,1,1,111561337007305659,2024-03-21 08:40:40+00:00,3,21,2024,2123,2122,2122,2123
0,1,3,1,0,1,111561337007305660,2024-03-21 09:13:10+00:00,3,21,2024,2122,2123,2122,2123
0,1,1,1,0,1,111561337007371250,2024-03-20 10:30:00+00:00,3,20,2024,2144,2125,2144,2125
0,1,2,1,0,1,111561337007371251,2024-03-20 10:52:59+00:00,3,20,2024,2144,2125,2144,2125
0,1,1,1,0,1,111561337007305546,2024-03-20 08:00:00+00:00,3,20,2024,2145,2119,2145,2119
0,1,2,1,0,1,111561337007305547,2024-03-20 08:25:00+00:00,3,20,2024,2145,2119,2145,2119
0,1,1,0,1,1,111561337007305578,2024-03-17 08:30:00+00:00,3,17,2024,2145,2118,2118,2145
0,1,2,0,1,1,111561337007305579,2024-03-17 09:02:14+00:00,3,17,2024,2118,2145,2145,2118
0,1,3,1,0,1,111561337007305580,2024-03-17 09:38:41+00:00,3,17,2024,2145,2118,2145,2118
0,1,1,0,1,1,111561337007305626,2024-03-17 06:00:00+00:00,3,17,2024,2125,2120,2120,2125
0,1,2,0,1,1,111561337007305627,2024-03-17 06:47:18+00:00,3,17,2024,2120,2125,2125,2120
0,1,3,1,0,1,111561337007305628,2024-03-17 07:17:13+00:00,3,17,2024,2125,2120,2125,2120
0,1,1,0,1,1,111561337007305554,2024-03-16 08:30:00+00:00,3,16,2024,2119,2123,2123,2119
0,1,2,0,1,1,111561337007305555,2024-03-16 08:56:46+00:00,3,16,2024,2123,2119,2119,2123
0,1,3,0,1,1,111561337007305556,2024-03-16 09:36:45+00:00,3,16,2024,2119,2123,2123,2119
0,1,1,1,0,1,111561337007305694,2024-03-16 06:00:00+00:00,3,16,2024,2117,2124,2117,2124
0,1,2,0,1,1,111561337007305695,2024-03-16 06:45:39+00:00,3,16,2024,2117,2124,2124,2117
0,1,3,1,0,1,111561337007305696,2024-03-16 07:27:50+00:00,3,16,2024,2124,2117,2124,2117
0,1,1,1,0,1,111561337007305674,2024-03-15 10:30:00+00:00,3,15,2024,2122,2144,2122,2144
0,1,2,0,1,1,111561337007305675,2024-03-15 11:00:57+00:00,3,15,2024,2122,2144,2144,2122
0,1,3,0,1,1,111561337007305676,2024-03-15 11:34:09+00:00,3,15,2024,2144,2122,2122,2144
0,1,1,0,1,1,111561337007305650,2024-03-15 08:00:00+00:00,3,15,2024,2125,2145,2145,2125
0,1,2,0,1,1,111561337007305651,2024-03-15 08:31:49+00:00,3,15,2024,2125,2145,2145,2125
0,1,1,1,0,1,111561337007305614,2024-03-14 10:30:00+00:00,3,14,2024,2123,2120,2123,2120
0,1,2,1,0,1,111561337007305615,2024-03-14 10:54:08+00:00,3,14,2024,2123,2120,2123,2120
0,1,1,0,1,1,111561337007305562,2024-03-14 08:00:00+00:00,3,14,2024,2119,2124,2124,2119
0,1,2,1,0,1,111561337007305563,2024-03-14 08:32:20+00:00,3,14,2024,2124,2119,2124,2119
0,1,1,1,0,1,111561337007305602,2024-03-13 10:30:00+00:00,3,13,2024,2144,2118,2144,2118
0,1,2,1,0,1,111561337007305603,2024-03-13 11:05:59+00:00,3,13,2024,2144,2118,2144,2118
0,1,1,0,1,1,111561337007305662,2024-03-13 08:00:00+00:00,3,13,2024,2117,2122,2122,2117
0,1,2,0,1,1,111561337007305663,2024-03-13 08:27:17+00:00,3,13,2024,2122,2117,2117,2122
0,1,3,0,1,1,111561337007305664,2024-03-13 09:07:46+00:00,3,13,2024,2117,2122,2122,2117
0,1,1,0,1,1,111561337007305594,2024-03-10 10:30:00+00:00,3,10,2024,2118,2124,2124,2118
0,1,2,0,1,1,111561337007305595,2024-03-10 11:08:53+00:00,3,10,2024,2124,2118,2118,2124
0,1,3,0,1,1,111561337007305596,2024-03-10 11:37:46+00:00,3,10,2024,2124,2118,2118,2124
0,1,1,0,1,1,111561337007305686,2024-03-10 08:00:00+00:00,3,10,2024,2125,2123,2123,2125
0,1,2,0,1,1,111561337007305687,2024-03-10 08:26:31+00:00,3,10,2024,2123,2125,2125,2123
0,1,3,0,1,1,111561337007305688,2024-03-10 08:59:46+00:00,3,10,2024,2125,2123,2123,2125
0,1,1,1,0,1,111561337007305558,2024-03-09 10:30:00+00:00,3,9,2024,2119,2117,2119,2117
0,1,2,1,0,1,111561337007305559,2024-03-09 11:13:16+00:00,3,9,2024,2119,2117,2119,2117
0,1,1,1,0,1,111561337007305654,2024-03-09 08:00:00+00:00,3,9,2024,2145,2144,2145,2144
0,1,2,1,0,1,111561337007305655,2024-03-09 08:26:55+00:00,3,9,2024,2145,2144,2145,2144
0,1,1,1,0,1,111561337007305598,2024-03-08 10:30:00+00:00,3,8,2024,2118,2125,2118,2125
0,1,2,1,0,1,111561337007305599,2024-03-08 11:10:34+00:00,3,8,2024,2118,2125,2118,2125
0,1,1,1,0,1,111561337007305610,2024-03-08 08:00:00+00:00,3,8,2024,2122,2120,2122,2120
0,1,2,1,0,1,111561337007305611,2024-03-08 08:25:35+00:00,3,8,2024,2122,2120,2122,2120
0,1,1,1,0,1,111561337007305682,2024-03-07 10:30:00+00:00,3,7,2024,2123,2124,2123,2124
0,1,2,1,0,1,111561337007305683,2024-03-07 11:12:16+00:00,3,7,2024,2123,2124,2123,2124
0,1,1,1,0,1,111561337007305702,2024-03-07 08:00:00+00:00,3,7,2024,2144,2117,2144,2117
0,1,2,0,1,1,111561337007305703,2024-03-07 08:29:09+00:00,3,7,2024,2117,2144,2144,2117
0,1,1,0,1,1,111561337007305634,2024-03-06 10:30:00+00:00,3,6,2024,2122,2145,2145,2122
0,1,2,0,1,1,111561337007305635,2024-03-06 11:00:04+00:00,3,6,2024,2122,2145,2145,2122
0,1,1,1,0,1,111561337007305542,2024-03-06 08:00:00+00:00,3,6,2024,2119,2120,2119,2120
0,1,2,0,1,1,111561337007305543,2024-03-06 08:30:51+00:00,3,6,2024,2119,2120,2120,2119
0,1,3,1,0,1,111561337007305544,2024-03-06 09:07:27+00:00,3,6,2024,2120,2119,2120,2119
0,1,1,1,0,1,111561337007305550,2024-03-03 12:30:00+00:00,3,3,2024,2122,2119,2122,2119
0,1,2,1,0,1,111561337007305551,2024-03-03 13:00:36+00:00,3,3,2024,2122,2119,2122,2119
0,1,1,1,0,1,111561337007305586,2024-03-03 10:00:00+00:00,3,3,2024,2118,2123,2118,2123
0,1,2,0,1,1,111561337007305587,2024-03-03 10:54:45+00:00,3,3,2024,2118,2123,2123,2118
0,1,3,0,1,1,111561337007305588,2024-03-03 11:26:01+00:00,3,3,2024,2123,2118,2118,2123
0,1,1,0,1,1,111561337007305630,2024-03-02 12:30:00+00:00,3,2,2024,2120,2144,2144,2120
0,1,2,1,0,1,111561337007305631,2024-03-02 13:00:09+00:00,3,2,2024,2144,2120,2144,2120
0,1,1,0,1,1,111561337007305698,2024-03-02 10:00:00+00:00,3,2,2024,2125,2117,2117,2125
0,1,2,0,1,1,111561337007305699,2024-03-02 10:36:55+00:00,3,2,2024,2117,2125,2125,2117
0,1,3,0,1,1,111561337007305700,2024-03-02 11:08:20+00:00,3,2,2024,2125,2117,2117,2125
0,1,1,0,1,1,111561337007305638,2024-03-01 14:30:00+00:00,3,1,2024,2123,2145,2145,2123
0,1,2,1,0,1,111561337007305639,2024-03-01 14:59:20+00:00,3,1,2024,2145,2123,2145,2123
0,1,1,1,0,1,111561337007305666,2024-03-01 12:00:00+00:00,3,1,2024,2124,2122,2124,2122
0,1,2,0,1,1,111561337007305667,2024-03-01 12:36:02+00:00,3,1,2024,2124,2122,2122,2124
0,1,3,1,0,1,111561337007305668,2024-03-01 13:17:14+00:00,3,1,2024,2122,2124,2122,2124
0,1,1,0,1,1,111561337007305566,2024-02-29 14:30:00+00:00,2,29,2024,2119,2125,2125,2119
0,1,2,0,1,1,111561337007305567,2024-02-29 15:12:41+00:00,2,29,2024,2125,2119,2119,2125
0,1,3,1,0,1,111561337007305568,2024-02-29 15:46:38+00:00,2,29,2024,2119,2125,2119,2125
0,1,1,0,1,1,111561337007305574,2024-02-29 12:00:00+00:00,2,29,2024,2120,2118,2118,2120
0,1,2,1,0,1,111561337007305575,2024-02-29 12:28:15+00:00,2,29,2024,2118,2120,2118,2120
0,1,1,0,1,1,111561337007371246,2024-02-28 15:30:00+00:00,2,28,2024,2124,2144,2144,2124
0,1,2,1,0,1,111561337007371247,2024-02-28 16:00:01+00:00,2,28,2024,2144,2124,2144,2124
0,1,1,1,0,1,111561337007305642,2024-02-28 08:00:00+00:00,2,28,2024,2145,2117,2145,2117
0,1,2,1,0,1,111561337007305643,2024-02-28 08:32:40+00:00,2,28,2024,2145,2117,2145,2117
0,1,1,0,1,1,111561337007305618,2024-02-26 10:30:00+00:00,2,26,2024,2117,2120,2120,2117
0,1,2,0,1,1,111561337007305619,2024-02-26 10:57:28+00:00,2,26,2024,2120,2117,2117,2120
0,1,3,0,1,1,111561337007305620,2024-02-26 11:30:14+00:00,2,26,2024,2117,2120,2120,2117
0,1,1,1,0,1,111561337007305538,2024-02-25 06:00:00+00:00,2,25,2024,2118,2119,2118,2119
0,1,2,0,1,1,111561337007305539,2024-02-25 06:25:50+00:00,2,25,2024,2118,2119,2119,2118
0,1,3,0,1,1,111561337007305540,2024-02-25 07:04:09+00:00,2,25,2024,2119,2118,2118,2119
0,1,1,0,1,1,111561337007305646,2024-02-24 08:30:00+00:00,2,24,2024,2124,2145,2145,2124
0,1,2,0,1,1,111561337007305647,2024-02-24 09:05:03+00:00,2,24,2024,2124,2145,2145,2124
0,1,1,0,1,1,111561337007305690,2024-02-24 06:00:00+00:00,2,24,2024,2123,2144,2144,2123
0,1,2,1,0,1,111561337007305691,2024-02-24 06:31:23+00:00,2,24,2024,2144,2123,2144,2123
0,1,1,0,1,1,111561337007305670,2024-02-23 10:30:00+00:00,2,23,2024,2125,2122,2122,2125
0,1,2,1,0,1,111561337007305671,2024-02-23 10:54:59+00:00,2,23,2024,2122,2125,2122,2125
0,1,1,1,0,1,111561337007239902,2024-02-23 08:00:00+00:00,2,23,2024,2120,2117,2120,2117
0,1,2,0,1,1,111561337007239903,2024-02-23 08:32:19+00:00,2,23,2024,2120,2117,2117,2120
0,1,3,0,1,1,111561337007239904,2024-02-23 09:04:00+00:00,2,23,2024,2117,2120,2120,2117
0,1,1,0,1,1,111561337007239830,2024-02-22 10:30:00+00:00,2,22,2024,2119,2145,2145,2119
0,1,2,1,0,1,111561337007239831,2024-02-22 10:58:48+00:00,2,22,2024,2145,2119,2145,2119
0,1,1,0,1,1,111561337007239878,2024-02-22 08:00:00+00:00,2,22,2024,2124,2118,2118,2124
0,1,2,1,0,1,111561337007239879,2024-02-22 08:34:08+00:00,2,22,2024,2118,2124,2118,2124
0,1,1,0,1,1,111561337007239942,2024-02-21 10:30:00+00:00,2,21,2024,2123,2122,2122,2123
0,1,2,0,1,1,111561337007239943,2024-02-21 11:25:09+00:00,2,21,2024,2123,2122,2122,2123
0,1,1,0,1,1,111561337007305534,2024-02-21 08:00:00+00:00,2,21,2024,2125,2144,2144,2125
0,1,2,0,1,1,111561337007305535,2024-02-21 08:28:42+00:00,2,21,2024,2144,2125,2125,2144
0,1,3,0,1,1,111561337007305536,2024-02-21 09:10:23+00:00,2,21,2024,2125,2144,2144,2125
0,1,1,0,1,1,111561337007239910,2024-02-18 08:30:00+00:00,2,18,2024,2120,2125,2125,2120
0,1,2,1,0,1,111561337007239911,2024-02-18 09:02:07+00:00,2,18,2024,2125,2120,2125,2120
0,1,1,1,0,1,111561337007305530,2024-02-18 06:00:00+00:00,2,18,2024,2144,2124,2144,2124
0,1,2,1,0,1,111561337007305531,2024-02-18 06:30:08+00:00,2,18,2024,2144,2124,2144,2124
0,1,1,0,1,1,111561337007239822,2024-02-17 08:30:00+00:00,2,17,2024,2119,2118,2118,2119
0,1,2,1,0,1,111561337007239823,2024-02-17 08:57:49+00:00,2,17,2024,2118,2119,2118,2119
0,1,1,0,1,1,111561337007239918,2024-02-17 06:00:00+00:00,2,17,2024,2122,2145,2145,2122
0,1,2,1,0,1,111561337007239919,2024-02-17 06:24:51+00:00,2,17,2024,2145,2122,2145,2122
0,1,1,0,1,1,111561337007305514,2024-02-16 10:30:00+00:00,2,16,2024,2124,2117,2117,2124
0,1,2,0,1,1,111561337007305515,2024-02-16 11:00:37+00:00,2,16,2024,2117,2124,2124,2117
0,1,3,0,1,1,111561337007305516,2024-02-16 11:29:10+00:00,2,16,2024,2124,2117,2117,2124
0,1,1,1,0,1,111561337007305506,2024-02-16 08:00:00+00:00,2,16,2024,2123,2125,2123,2125
0,1,2,1,0,1,111561337007305507,2024-02-16 08:27:09+00:00,2,16,2024,2123,2125,2123,2125
0,1,1,0,1,1,111561337007239894,2024-02-15 10:30:00+00:00,2,15,2024,2120,2122,2122,2120
0,1,2,1,0,1,111561337007239895,2024-02-15 10:56:45+00:00,2,15,2024,2122,2120,2122,2120
0,1,1,0,1,1,111561337007239886,2024-02-15 08:00:00+00:00,2,15,2024,2118,2144,2144,2118
0,1,2,1,0,1,111561337007239887,2024-02-15 08:25:03+00:00,2,15,2024,2144,2118,2144,2118
0,1,1,1,0,1,111561337007239842,2024-02-14 10:30:00+00:00,2,14,2024,2117,2119,2117,2119
0,1,2,1,0,1,111561337007239843,2024-02-14 11:03:22+00:00,2,14,2024,2117,2119,2117,2119
0,1,1,0,1,1,111561337007239922,2024-02-14 08:00:00+00:00,2,14,2024,2145,2123,2123,2145
0,1,2,1,0,1,111561337007239923,2024-02-14 08:32:13+00:00,2,14,2024,2123,2145,2123,2145
0,1,1,1,0,1,111561337007239930,2024-02-04 08:30:00+00:00,2,4,2024,2145,2124,2145,2124
0,1,2,0,1,1,111561337007239931,2024-02-04 09:02:42+00:00,2,4,2024,2124,2145,2145,2124
0,1,1,1,0,1,111561337007305490,2024-02-04 06:00:00+00:00,2,4,2024,2122,2125,2122,2125
0,1,2,0,1,1,111561337007305491,2024-02-04 06:27:17+00:00,2,4,2024,2122,2125,2125,2122
0,1,3,0,1,1,111561337007305492,2024-02-04 07:04:57+00:00,2,4,2024,2125,2122,2122,2125
0,1,1,0,1,1,111561337007239914,2024-02-03 08:30:00+00:00,2,3,2024,2120,2144,2144,2120
0,1,2,1,0,1,111561337007239915,2024-02-03 08:54:31+00:00,2,3,2024,2144,2120,2144,2120
0,1,1,0,1,1,111561337007239838,2024-02-03 06:00:00+00:00,2,3,2024,2123,2119,2119,2123
0,1,2,0,1,1,111561337007239839,2024-02-03 06:36:50+00:00,2,3,2024,2119,2123,2123,2119
0,1,3,1,0,1,111561337007239840,2024-02-03 07:04:24+00:00,2,3,2024,2123,2119,2123,2119
0,1,1,1,0,1,111561337007239866,2024-02-02 10:30:00+00:00,2,2,2024,2122,2118,2122,2118
0,1,2,1,0,1,111561337007239867,2024-02-02 10:59:15+00:00,2,2,2024,2122,2118,2122,2118
0,1,1,1,0,1,111561337007239926,2024-02-02 08:00:00+00:00,2,2,2024,2145,2117,2145,2117
0,1,2,1,0,1,111561337007239927,2024-02-02 08:34:10+00:00,2,2,2024,2145,2117,2145,2117
0,1,1,0,1,1,111561337007305526,2024-02-01 10:30:00+00:00,2,1,2024,2125,2124,2124,2125
0,1,2,0,1,1,111561337007305527,2024-02-01 11:09:07+00:00,2,1,2024,2124,2125,2125,2124
0,1,3,0,1,1,111561337007305528,2024-02-01 11:42:01+00:00,2,1,2024,2125,2124,2124,2125
0,1,1,0,1,1,111561337007239854,2024-02-01 08:00:00+00:00,2,1,2024,2119,2144,2144,2119
0,1,2,1,0,1,111561337007239855,2024-02-01 08:29:05+00:00,2,1,2024,2144,2119,2144,2119
0,1,1,0,1,1,111561337007239898,2024-01-31 10:30:00+00:00,1,31,2024,2120,2123,2123,2120
0,1,2,0,1,1,111561337007239899,2024-01-31 11:01:37+00:00,1,31,2024,2120,2123,2123,2120
0,1,1,0,1,1,111561337007239874,2024-01-31 08:00:00+00:00,1,31,2024,2118,2117,2117,2118
0,1,2,0,1,1,111561337007239875,2024-01-31 08:38:36+00:00,1,31,2024,2118,2117,2117,2118
0,1,1,1,0,1,111561337007305494,2024-01-28 08:30:00+00:00,1,28,2024,2144,2122,2144,2122
0,1,2,1,0,1,111561337007305495,2024-01-28 09:06:13+00:00,1,28,2024,2144,2122,2144,2122
0,1,1,1,0,1,111561337007239826,2024-01-28 06:00:00+00:00,1,28,2024,2120,2119,2120,2119
0,1,2,1,0,1,111561337007239827,2024-01-28 06:33:10+00:00,1,28,2024,2119,2120,2119,2120
0,1,3,0,1,1,111561337007239828,2024-01-28 07:12:43+00:00,1,28,2024,2120,2119,2119,2120
0,1,1,0,1,1,111561337007305518,2024-01-27 08:30:00+00:00,1,27,2024,2125,2117,2117,2125
0,1,2,1,0,1,111561337007305519,2024-01-27 09:05:24+00:00,1,27,2024,2117,2125,2117,2125
0,1,1,1,0,1,111561337007239862,2024-01-27 06:00:00+00:00,1,27,2024,2118,2145,2118,2145
0,1,2,0,1,1,111561337007239863,2024-01-27 06:37:04+00:00,1,27,2024,2118,2145,2145,2118
0,1,3,1,0,1,111561337007239864,2024-01-27 07:19:36+00:00,1,27,2024,2145,2118,2145,2118
0,1,1,0,1,1,111561337007239846,2024-01-26 10:30:00+00:00,1,26,2024,2119,2124,2124,2119
0,1,2,0,1,1,111561337007239847,2024-01-26 11:12:16+00:00,1,26,2024,2124,2119,2119,2124
0,1,3,1,0,1,111561337007239848,2024-01-26 11:44:14+00:00,1,26,2024,2124,2119,2124,2119
0,1,1,0,1,1,111561337007305510,2024-01-26 08:00:00+00:00,1,26,2024,2144,2123,2123,2144
0,1,2,0,1,1,111561337007305511,2024-01-26 08:35:30+00:00,1,26,2024,2123,2144,2144,2123
0,1,3,1,0,1,111561337007305512,2024-01-26 08:56:41+00:00,1,26,2024,2144,2123,2144,2123
0,1,1,1,0,1,111561337007239890,2024-01-25 10:30:00+00:00,1,25,2024,2145,2120,2145,2120
0,1,2,1,0,1,111561337007239891,2024-01-25 11:01:42+00:00,1,25,2024,2145,2120,2145,2120
0,1,1,0,1,1,111561337007239882,2024-01-25 08:00:00+00:00,1,25,2024,2125,2118,2118,2125
0,1,2,1,0,1,111561337007239883,2024-01-25 08:25:58+00:00,1,25,2024,2118,2125,2118,2125
0,1,1,0,1,1,111561337007305498,2024-01-24 10:30:00+00:00,1,24,2024,2117,2123,2123,2117
0,1,2,1,0,1,111561337007305499,2024-01-24 11:10:28+00:00,1,24,2024,2117,2123,2117,2123
0,1,3,1,0,1,111561337007305500,2024-01-24 11:41:46+00:00,1,24,2024,2117,2123,2117,2123
0,1,1,1,0,1,111561337007305486,2024-01-24 08:00:00+00:00,1,24,2024,2122,2124,2122,2124
0,1,2,0,1,1,111561337007305487,2024-01-24 08:32:06+00:00,1,24,2024,2124,2122,2122,2124
0,1,1,0,1,1,111561337007239870,2024-01-21 08:30:00+00:00,1,21,2024,2123,2118,2118,2123
0,1,2,0,1,1,111561337007239871,2024-01-21 08:55:44+00:00,1,21,2024,2118,2123,2123,2118
0,1,3,1,0,1,111561337007239872,2024-01-21 09:40:44+00:00,1,21,2024,2123,2118,2123,2118
0,1,1,0,1,1,111561337007305482,2024-01-21 06:00:00+00:00,1,21,2024,2117,2122,2122,2117
0,1,2,0,1,1,111561337007305483,2024-01-21 06:36:21+00:00,1,21,2024,2117,2122,2122,2117
0,1,1,1,0,1,111561337007239934,2024-01-20 08:30:00+00:00,1,20,2024,2145,2125,2145,2125
0,1,2,0,1,1,111561337007239935,2024-01-20 08:56:07+00:00,1,20,2024,2125,2145,2145,2125
0,1,1,1,0,1,111561337007239906,2024-01-20 06:00:00+00:00,1,20,2024,2124,2120,2124,2120
0,1,2,0,1,1,111561337007239907,2024-01-20 06:25:56+00:00,1,20,2024,2120,2124,2124,2120
0,1,1,0,1,1,111561337007305522,2024-01-19 10:30:00+00:00,1,19,2024,2117,2144,2144,2117
0,1,2,0,1,1,111561337007305523,2024-01-19 10:55:56+00:00,1,19,2024,2117,2144,2144,2117
0,1,1,0,1,1,111561337007239834,2024-01-19 08:00:00+00:00,1,19,2024,2119,2122,2122,2119
0,1,2,0,1,1,111561337007239835,2024-01-19 08:32:20+00:00,1,19,2024,2119,2122,2122,2119
0,1,1,0,1,1,111561337007305502,2024-01-18 10:30:00+00:00,1,18,2024,2124,2123,2123,2124
0,1,2,1,0,1,111561337007305503,2024-01-18 11:04:28+00:00,1,18,2024,2123,2124,2123,2124
0,1,1,1,0,1,111561337007239858,2024-01-18 08:00:00+00:00,1,18,2024,2118,2120,2118,2120
0,1,2,1,0,1,111561337007239859,2024-01-18 08:29:12+00:00,1,18,2024,2118,2120,2118,2120
0,1,1,1,0,1,111561337007239938,2024-01-17 10:30:00+00:00,1,17,2024,2144,2145,2144,2145
0,1,2,1,0,1,111561337007239939,2024-01-17 10:58:59+00:00,1,17,2024,2145,2144,2145,2144
0,1,3,1,0,1,111561337007239940,2024-01-17 11:30:29+00:00,1,17,2024,2145,2144,2145,2144
0,1,1,1,0,1,111561337007239850,2024-01-17 08:00:00+00:00,1,17,2024,2125,2119,2125,2119
0,1,2,1,0,1,111561337007239851,2024-01-17 08:41:47+00:00,1,17,2024,2125,2119,2125,2119
1,2,1,1,0,0,111861082639032064,2024-03-31 20:00:00+00:00,3,31,2024,2154,2151,2154,2151
1,2,2,0,1,0,111861082639032065,2024-03-31 20:25:31+00:00,3,31,2024,2154,2151,2151,2154
1,2,3,0,1,0,111861082639032066,2024-03-31 20:55:35+00:00,3,31,2024,2151,2154,2154,2151
1,2,4,1,0,0,111861082639032067,2024-03-31 21:28:46+00:00,3,31,2024,2154,2151,2154,2151
1,2,1,1,0,0,111861082639032058,2024-03-30 20:00:00+00:00,3,30,2024,2154,2147,2154,2147
1,2,2,0,1,0,111861082639032059,2024-03-30 20:29:35+00:00,3,30,2024,2147,2154,2154,2147
1,2,3,0,1,0,111861082639032060,2024-03-30 21:02:59+00:00,3,30,2024,2147,2154,2154,2147
1,2,1,1,0,0,111861082639032034,2024-03-23 20:00:00+00:00,3,23,2024,2151,2147,2151,2147
1,2,2,0,1,0,111861082639032035,2024-03-23 20:36:42+00:00,3,23,2024,2147,2151,2151,2147
1,2,3,0,1,0,111861082639032036,2024-03-23 21:03:12+00:00,3,23,2024,2147,2151,2151,2147
1,2,1,1,0,0,111861082639032052,2024-03-22 20:00:00+00:00,3,22,2024,2154,2146,2154,2146
1,2,2,0,1,0,111861082639032053,2024-03-22 20:24:41+00:00,3,22,2024,2154,2146,2146,2154
1,2,3,0,1,0,111861082639032054,2024-03-22 21:00:07+00:00,3,22,2024,2146,2154,2154,2146
1,2,4,1,0,0,111861082639032055,2024-03-22 21:39:38+00:00,3,22,2024,2154,2146,2154,2146
1,2,1,0,1,0,111861082639032046,2024-03-17 20:00:00+00:00,3,17,2024,2149,2154,2154,2149
1,2,2,1,0,0,111861082639032047,2024-03-17 20:31:22+00:00,3,17,2024,2154,2149,2154,2149
1,2,3,1,0,0,111861082639032048,2024-03-17 20:56:44+00:00,3,17,2024,2154,2149,2154,2149
1,2,1,1,0,0,111861082639032040,2024-03-16 20:00:00+00:00,3,16,2024,2403,2146,2403,2146
1,2,2,0,1,0,111861082639032041,2024-03-16 20:38:11+00:00,3,16,2024,2403,2146,2146,2403
1,2,3,1,0,0,111861082639032042,2024-03-16 21:08:23+00:00,3,16,2024,2146,2403,2146,2403
1,2,4,0,1,0,111861082639032043,2024-03-16 21:42:26+00:00,3,16,2024,2146,2403,2403,2146
1,2,5,0,1,0,111861082639032044,2024-03-16 22:17:39+00:00,3,16,2024,2403,2146,2146,2403
1,2,1,0,1,0,111861082638180054,2024-03-15 20:00:00+00:00,3,15,2024,2154,2151,2151,2154
1,2,2,1,0,0,111861082638180055,2024-03-15 20:36:48+00:00,3,15,2024,2154,2151,2154,2151
1,2,3,0,1,0,111861082638180056,2024-03-15 21:13:14+00:00,3,15,2024,2154,2151,2151,2154
1,2,4,0,1,0,111861082638180057,2024-03-15 21:44:45+00:00,3,15,2024,2151,2154,2154,2151
1,2,5,0,1,0,111861082638180058,2024-03-15 22:13:07+00:00,3,15,2024,2154,2151,2151,2154
1,2,1,1,0,0,111861082639032028,2024-03-14 20:00:00+00:00,3,14,2024,2147,2146,2147,2146
1,2,2,1,0,0,111861082639032029,2024-03-14 20:34:26+00:00,3,14,2024,2147,2146,2147,2146
1,2,3,0,1,0,111861082639032030,2024-03-14 21:01:53+00:00,3,14,2024,2146,2147,2147,2146
1,0,1,1,0,1,112073983074115810,2024-03-11 00:00:00+00:00,3,11,2024,2149,2403,2149,2403
1,0,1,0,1,1,111504634866275328,2024-03-10 23:00:00+00:00,3,10,2024,2149,2151,2151,2149
1,0,1,0,1,1,111504634866209758,2024-03-10 22:00:00+00:00,3,10,2024,2155,2147,2147,2155
1,0,1,1,0,1,111504634866275314,2024-03-10 21:00:00+00:00,3,10,2024,2146,2403,2146,2403
1,0,1,1,0,1,111504634866275344,2024-03-10 20:00:00+00:00,3,10,2024,2154,2153,2154,2153
1,0,1,1,0,1,111504634866209756,2024-03-10 00:00:00+00:00,3,10,2024,2146,2155,2146,2155
1,0,1,1,0,1,111504634866275334,2024-03-09 23:00:00+00:00,3,9,2024,2149,2154,2149,2154
1,0,1,0,1,1,111504634866275338,2024-03-09 22:00:00+00:00,3,9,2024,2403,2151,2151,2403
1,0,1,0,1,1,111504634866275322,2024-03-09 21:00:00+00:00,3,9,2024,2147,2153,2153,2147
1,0,1,1,0,1,111504634866209766,2024-03-09 00:00:00+00:00,3,9,2024,2155,2403,2155,2403
1,0,1,0,1,1,111504634866275312,2024-03-08 23:00:00+00:00,3,8,2024,2153,2146,2146,2153
1,0,1,0,1,1,111504634866275340,2024-03-08 22:00:00+00:00,3,8,2024,2151,2154,2154,2151
1,0,1,1,0,1,111504634866275318,2024-03-08 21:00:00+00:00,3,8,2024,2147,2149,2147,2149
1,0,1,0,1,1,111504634866209760,2024-03-03 23:00:00+00:00,3,3,2024,2155,2149,2149,2155
1,0,1,1,0,1,111504634866275326,2024-03-04 00:00:00+00:00,3,4,2024,2147,2154,2147,2154
1,0,1,1,0,1,111504634866275342,2024-03-03 21:00:00+00:00,3,3,2024,2403,2153,2403,2153
1,0,1,0,1,1,111504634866275310,2024-03-03 22:00:00+00:00,3,3,2024,2146,2151,2151,2146
1,0,1,0,1,1,111504634866209764,2024-03-02 21:00:00+00:00,3,2,2024,2153,2155,2155,2153
1,0,1,0,1,1,111504634866275346,2024-03-02 23:00:00+00:00,3,2,2024,2154,2403,2403,2154
1,0,1,0,1,1,111504634866209772,2024-03-03 00:00:00+00:00,3,3,2024,2149,2146,2146,2149
1,0,1,0,1,1,111504634866275320,2024-03-02 22:00:00+00:00,3,2,2024,2151,2147,2147,2151
1,0,1,0,1,1,111504634866275332,2024-02-11 22:00:00+00:00,2,11,2024,2403,2149,2149,2403
1,0,1,0,1,1,111504634866209770,2024-02-11 21:00:00+00:00,2,11,2024,2147,2146,2146,2147
1,0,1,0,1,1,111504634866275336,2024-02-12 00:00:00+00:00,2,12,2024,2153,2151,2151,2153
1,0,1,0,1,1,111504634866209768,2024-02-11 23:00:00+00:00,2,11,2024,2155,2154,2154,2155
1,0,1,1,0,1,111504634866275330,2024-02-10 22:00:00+00:00,2,10,2024,2149,2153,2149,2153
1,0,1,1,0,1,111504634866275324,2024-02-10 21:00:00+00:00,2,10,2024,2147,2403,2147,2403
1,0,1,0,1,1,111504634866275316,2024-02-10 23:00:00+00:00,2,10,2024,2154,2146,2146,2154
1,0,1,0,1,1,111504634866209762,2024-02-11 00:00:00+00:00,2,11,2024,2151,2155,2155,2151
1,0,1,1,0,1,111504634866209750,2024-02-05 00:00:00+00:00,2,5,2024,2153,2403,2153,2403
1,0,1,1,0,1,111504634866078628,2024-02-04 23:00:00+00:00,2,4,2024,2146,2155,2146,2155
1,0,1,0,1,1,111504634866209734,2024-02-04 22:00:00+00:00,2,4,2024,2147,2154,2154,2147
1,0,1,1,0,1,111504634866209736,2024-02-04 21:00:00+00:00,2,4,2024,2151,2149,2151,2149
1,0,1,1,0,1,111504634866209710,2024-02-04 00:00:00+00:00,2,4,2024,2155,2403,2155,2403
1,0,1,1,0,1,111504634866209720,2024-02-03 23:00:00+00:00,2,3,2024,2146,2153,2146,2153
1,0,1,0,1,1,111504634866209728,2024-02-03 22:00:00+00:00,2,3,2024,2147,2151,2151,2147
1,0,1,1,0,1,111504634866209742,2024-02-03 21:00:00+00:00,2,3,2024,2154,2149,2154,2149
1,0,1,1,0,1,111504634866209718,2024-02-03 00:00:00+00:00,2,3,2024,2151,2146,2151,2146
1,0,1,1,0,1,111504634866144168,2024-02-02 23:00:00+00:00,2,2,2024,2149,2155,2149,2155
1,0,1,1,0,1,111504634866209754,2024-02-02 22:00:00+00:00,2,2,2024,2403,2154,2403,2154
1,0,1,1,0,1,111504634866209730,2024-02-02 21:00:00+00:00,2,2,2024,2153,2147,2153,2147
1,0,1,0,1,1,111504634866209752,2024-01-28 23:00:00+00:00,1,28,2024,2153,2154,2154,2153
1,0,1,0,1,1,111504634866209746,2024-01-28 22:00:00+00:00,1,28,2024,2151,2403,2403,2151
1,0,1,0,1,1,111504634866144166,2024-01-28 21:00:00+00:00,1,28,2024,2147,2155,2155,2147
1,0,1,1,0,1,111504634866209716,2024-01-28 20:00:00+00:00,1,28,2024,2146,2149,2146,2149
1,0,1,0,1,1,111504634866209708,2024-01-27 23:00:00+00:00,1,27,2024,2155,2153,2153,2155
1,0,1,0,1,1,111504634866209748,2024-01-27 22:00:00+00:00,1,27,2024,2154,2151,2151,2154
1,0,1,1,0,1,111504634866209722,2024-01-27 21:00:00+00:00,1,27,2024,2403,2146,2403,2146
1,0,1,0,1,1,111504634866209726,2024-01-27 20:00:00+00:00,1,27,2024,2149,2147,2147,2149
1,0,1,0,1,1,111504634866209740,2024-01-21 23:00:00+00:00,1,21,2024,2149,2403,2403,2149
1,0,1,1,0,1,111504634866209744,2024-01-21 22:00:00+00:00,1,21,2024,2151,2153,2151,2153
1,0,1,1,0,1,111504634866209714,2024-01-21 21:00:00+00:00,1,21,2024,2147,2146,2147,2146
1,0,1,0,1,1,111504634866209712,2024-01-21 20:00:00+00:00,1,21,2024,2155,2154,2154,2155
1,0,1,0,1,1,111504634866209738,2024-01-20 23:00:00+00:00,1,20,2024,2153,2149,2149,2153
1,0,1,0,1,1,111504634866144170,2024-01-20 22:00:00+00:00,1,20,2024,2155,2151,2151,2155
1,0,1,0,1,1,111504634866209732,2024-01-20 21:00:00+00:00,1,20,2024,2403,2147,2147,2403
1,0,1,1,0,1,111504634866209724,2024-01-20 20:00:00+00:00,1,20,2024,2146,2154,2146,2154
2,2,1,1,0,0,111561061776880408,2024-02-18 16:00:00+00:00,2,18,2024,2170,2169,2170,2169
2,2,2,0,1,0,111561061776880409,2024-02-18 16:29:56+00:00,2,18,2024,2170,2169,2169,2170
2,2,3,1,0,0,111561061776880410,2024-02-18 16:57:57+00:00,2,18,2024,2169,2170,2169,2170
2,2,4,1,0,0,111561061776880411,2024-02-18 17:31:36+00:00,2,18,2024,2169,2170,2169,2170
2,2,1,1,0,0,111561061776880402,2024-02-17 16:00:00+00:00,2,17,2024,2170,2349,2170,2349
2,2,2,1,0,0,111561061776880403,2024-02-17 16:31:56+00:00,2,17,2024,2170,2349,2170,2349
2,2,3,1,0,0,111561061776880404,2024-02-17 17:00:26+00:00,2,17,2024,2349,2170,2349,2170
2,2,4,0,1,0,111561061776880405,2024-02-17 17:37:50+00:00,2,17,2024,2170,2349,2349,2170
2,2,5,0,1,0,111561061776880406,2024-02-17 18:10:25+00:00,2,17,2024,2349,2170,2170,2349
2,2,1,0,1,0,111561061776880396,2024-02-16 16:00:00+00:00,2,16,2024,2168,2170,2170,2168
2,2,2,0,1,0,111561061776880397,2024-02-16 16:31:33+00:00,2,16,2024,2170,2168,2168,2170
2,2,3,0,1,0,111561061776880398,2024-02-16 17:00:30+00:00,2,16,2024,2168,2170,2170,2168
2,2,4,0,1,0,111561061776880399,2024-02-16 17:37:43+00:00,2,16,2024,2170,2168,2168,2170
2,2,5,0,1,0,111561061776880400,2024-02-16 18:19:04+00:00,2,16,2024,2168,2170,2170,2168
2,1,1,0,1,0,111561061776880386,2024-02-12 19:00:00+00:00,2,12,2024,2168,2173,2173,2168
2,1,2,0,1,0,111561061776880387,2024-02-12 19:43:05+00:00,2,12,2024,2173,2168,2168,2173
2,1,3,1,0,0,111561061776880388,2024-02-12 20:09:15+00:00,2,12,2024,2168,2173,2168,2173
2,1,1,0,1,0,111561061776880382,2024-02-12 16:00:00+00:00,2,12,2024,2174,2170,2170,2174
2,1,2,0,1,0,111561061776880383,2024-02-12 16:27:06+00:00,2,12,2024,2174,2170,2170,2174
2,2,1,0,1,0,111561061776880390,2024-02-11 16:00:00+00:00,2,11,2024,2349,2169,2169,2349
2,2,2,1,0,0,111561061776880391,2024-02-11 16:35:03+00:00,2,11,2024,2169,2349,2169,2349
2,2,3,0,1,0,111561061776880392,2024-02-11 17:06:42+00:00,2,11,2024,2349,2169,2169,2349
2,1,1,1,0,0,111561061776880378,2024-02-10 16:00:00+00:00,2,10,2024,2171,2173,2171,2173
2,1,2,0,1,0,111561061776880379,2024-02-10 16:31:05+00:00,2,10,2024,2171,2173,2173,2171
2,1,3,1,0,0,111561061776880380,2024-02-10 17:09:41+00:00,2,10,2024,2173,2171,2173,2171
2,1,1,0,1,0,111561061776880374,2024-02-10 19:00:00+00:00,2,10,2024,2167,2170,2170,2167
2,1,2,0,1,0,111561061776880375,2024-02-10 19:23:07+00:00,2,10,2024,2167,2170,2170,2167
2,1,1,0,1,0,111561061776880366,2024-02-05 19:00:00+00:00,2,5,2024,2168,2169,2169,2168
2,1,2,0,1,0,111561061776880367,2024-02-05 19:32:04+00:00,2,5,2024,2169,2168,2168,2169
2,1,3,0,1,0,111561061776880368,2024-02-05 20:02:47+00:00,2,5,2024,2168,2169,2169,2168
2,1,1,0,1,0,111561061776880370,2024-02-05 16:00:00+00:00,2,5,2024,2174,2349,2349,2174
2,1,2,1,0,0,111561061776880371,2024-02-05 16:29:28+00:00,2,5,2024,2349,2174,2349,2174
2,1,1,1,0,0,111561061776880354,2024-02-04 19:00:00+00:00,2,4,2024,2168,2170,2168,2170
2,1,2,1,0,0,111561061776880355,2024-02-04 19:27:15+00:00,2,4,2024,2168,2170,2168,2170
2,1,1,1,0,0,111561061776880362,2024-02-04 16:00:00+00:00,2,4,2024,2174,2173,2174,2173
2,1,2,0,1,0,111561061776880363,2024-02-04 16:26:42+00:00,2,4,2024,2173,2174,2174,2173
2,1,1,0,1,0,111561061776814814,2024-02-03 19:00:00+00:00,2,3,2024,2167,2169,2169,2167
2,1,2,0,1,0,111561061776814815,2024-02-03 19:32:08+00:00,2,3,2024,2167,2169,2169,2167
2,1,1,0,1,0,111561061776880358,2024-02-03 16:00:00+00:00,2,3,2024,2171,2349,2349,2171
2,1,2,0,1,0,111561061776880359,2024-02-03 16:31:57+00:00,2,3,2024,2171,2349,2349,2171
2,0,1,1,0,1,111560983140247849,2024-01-29 19:00:00+00:00,1,29,2024,2169,2173,2169,2173
2,0,1,0,1,1,111560983140247897,2024-01-29 18:00:00+00:00,1,29,2024,2171,2168,2168,2171
2,0,1,1,0,1,111560983140247855,2024-01-29 17:00:00+00:00,1,29,2024,2166,2349,2166,2349
2,0,1,0,1,1,111560983140182291,2024-01-29 16:00:00+00:00,1,29,2024,2172,2167,2167,2172
2,0,1,1,0,1,111560983140247901,2024-01-29 20:00:00+00:00,1,29,2024,2170,2174,2170,2174
2,0,1,1,0,1,111560983140182289,2024-01-28 17:00:00+00:00,1,28,2024,2349,2172,2349,2172
2,0,1,0,1,1,111560983140247863,2024-01-28 20:00:00+00:00,1,28,2024,2173,2166,2166,2173
2,0,1,1,0,1,111560983140247853,2024-01-28 18:00:00+00:00,1,28,2024,2169,2168,2169,2168
2,0,1,0,1,1,111560983140247883,2024-01-28 19:00:00+00:00,1,28,2024,2170,2167,2167,2170
2,0,1,1,0,1,111560983140247895,2024-01-28 16:00:00+00:00,1,28,2024,2174,2171,2174,2171
2,0,1,0,1,1,111560983140182287,2024-01-27 20:00:00+00:00,1,27,2024,2166,2172,2172,2166
2,0,1,0,1,1,111560983140247843,2024-01-27 19:00:00+00:00,1,27,2024,2167,2169,2169,2167
2,0,1,0,1,1,111560983140247903,2024-01-27 18:00:00+00:00,1,27,2024,2168,2170,2170,2168
2,0,1,0,1,1,111560983140247871,2024-01-27 16:00:00+00:00,1,27,2024,2171,2349,2349,2171
2,0,1,0,1,1,111560983140247905,2024-01-27 17:00:00+00:00,1,27,2024,2174,2173,2173,2174
2,0,1,0,1,1,111560983140247859,2024-01-22 20:00:00+00:00,1,22,2024,2166,2171,2171,2166
2,0,1,0,1,1,111560983140247851,2024-01-22 19:00:00+00:00,1,22,2024,2169,2174,2174,2169
2,0,1,0,1,1,111560983140182295,2024-01-22 18:00:00+00:00,1,22,2024,2172,2170,2170,2172
2,0,1,0,1,1,111560983140247889,2024-01-22 17:00:00+00:00,1,22,2024,2167,2168,2168,2167
2,0,1,1,0,1,111560983140247875,2024-01-22 16:00:00+00:00,1,22,2024,2349,2173,2349,2173
2,0,1,1,0,1,111560983140247865,2024-01-21 20:00:00+00:00,1,21,2024,2174,2166,2174,2166
2,0,1,1,0,1,111560983140247885,2024-01-21 19:00:00+00:00,1,21,2024,2173,2167,2173,2167
2,0,1,0,1,1,111560983140247845,2024-01-21 18:00:00+00:00,1,21,2024,2171,2169,2169,2171
2,0,1,1,0,1,111560983140182301,2024-01-21 17:00:00+00:00,1,21,2024,2168,2172,2168,2172
2,0,1,1,0,1,111560983140247873,2024-01-21 16:00:00+00:00,1,21,2024,2349,2170,2349,2170
2,0,1,1,0,1,111560983140247857,2024-01-20 20:00:00+00:00,1,20,2024,2167,2166,2167,2166
2,0,1,0,1,1,111560983140247879,2024-01-20 19:00:00+00:00,1,20,2024,2168,2349,2349,2168
2,0,1,0,1,1,111560983140247847,2024-01-20 18:00:00+00:00,1,20,2024,2170,2169,2169,2170
2,0,1,0,1,1,111560983140247893,2024-01-20 17:00:00+00:00,1,20,2024,2173,2171,2171,2173
2,0,1,0,1,1,111560983140182299,2024-01-20 16:00:00+00:00,1,20,2024,2172,2174,2174,2172
2,0,1,0,1,1,111560983140247907,2024-01-15 20:00:00+00:00,1,15,2024,2168,2173,2173,2168
2,0,1,1,0,1,111560983140247861,2024-01-15 19:00:00+00:00,1,15,2024,2170,2166,2170,2166
2,0,1,0,1,1,111560983140247881,2024-01-15 18:00:00+00:00,1,15,2024,2167,2171,2171,2167
2,0,1,1,0,1,111560983140116749,2024-01-15 17:00:00+00:00,1,15,2024,2172,2169,2172,2169
2,0,1,1,0,1,111560983140247877,2024-01-15 16:00:00+00:00,1,15,2024,2349,2174,2349,2174
2,0,1,1,0,1,111560983140182293,2024-01-14 20:00:00+00:00,1,14,2024,2171,2172,2171,2172
2,0,1,0,1,1,111560983140247909,2024-01-14 19:00:00+00:00,1,14,2024,2174,2168,2168,2174
2,0,1,0,1,1,111560983140182303,2024-01-14 18:00:00+00:00,1,14,2024,2166,2169,2169,2166
2,0,1,1,0,1,111560983140247899,2024-01-14 17:00:00+00:00,1,14,2024,2173,2170,2173,2170
2,0,1,1,0,1,111560983140247869,2024-01-14 16:00:00+00:00,1,14,2024,2349,2167,2349,2167
2,0,1,0,1,1,111560983140247891,2024-01-13 20:00:00+00:00,1,13,2024,2171,2170,2170,2171
2,0,1,1,0,1,111560983140247887,2024-01-13 19:00:00+00:00,1,13,2024,2167,2174,2167,2174
2,0,1,1,0,1,111560983140247867,2024-01-13 18:00:00+00:00,1,13,2024,2168,2166,2168,2166
2,0,1,1,0,1,111560983140182297,2024-01-13 17:00:00+00:00,1,13,2024,2173,2172,2173,2172
2,0,1,1,0,1,111560983140182305,2024-01-13 16:00:00+00:00,1,13,2024,2169,2349,2169,2349
2,2,1,1,0,0,111997906552170321,2024-04-14 15:00:00+00:00,4,14,2024,2168,2169,2168,2169
2,2,2,0,1,0,111997906552170322,2024-04-14 15:28:31+00:00,4,14,2024,2168,2169,2169,2168
2,2,3,1,0,0,111997906552170323,2024-04-14 15:57:37+00:00,4,14,2024,2169,2168,2169,2168
2,2,4,1,0,0,111997906552170324,2024-04-14 16:25:21+00:00,4,14,2024,2169,2168,2169,2168
2,2,1,0,1,0,111997906552170315,2024-04-13 15:00:00+00:00,4,13,2024,2168,2349,2349,2168
2,2,2,0,1,0,111997906552170316,2024-04-13 15:31:49+00:00,4,13,2024,2168,2349,2349,2168
2,2,3,0,1,0,111997906552170317,2024-04-13 16:03:08+00:00,4,13,2024,2349,2168,2168,2349
2,2,4,1,0,0,111997906552170318,2024-04-13 16:38:32+00:00,4,13,2024,2168,2349,2168,2349
2,2,5,0,1,0,111997906552170319,2024-04-13 17:03:42+00:00,4,13,2024,2349,2168,2168,2349
2,2,1,1,0,0,111997906552170309,2024-04-08 15:00:00+00:00,4,8,2024,2174,2168,2174,2168
2,2,2,0,1,0,111997906552170310,2024-04-08 15:31:00+00:00,4,8,2024,2174,2168,2168,2174
2,2,3,1,0,0,111997906552170311,2024-04-08 16:01:37+00:00,4,8,2024,2168,2174,2168,2174
2,2,4,0,1,0,111997906552170312,2024-04-08 16:26:16+00:00,4,8,2024,2174,2168,2168,2174
2,2,1,0,1,0,111997906552170303,2024-04-07 15:00:00+00:00,4,7,2024,2349,2169,2169,2349
2,2,2,0,1,0,111997906552170304,2024-04-07 15:40:02+00:00,4,7,2024,2169,2349,2349,2169
2,2,3,0,1,0,111997906552170305,2024-04-07 16:12:52+00:00,4,7,2024,2349,2169,2169,2349
2,2,4,1,0,0,111997906552170306,2024-04-07 16:34:32+00:00,4,7,2024,2169,2349,2169,2349
2,1,1,0,1,0,111997906552170295,2024-04-06 17:00:00+00:00,4,6,2024,2170,2174,2174,2170
2,1,2,0,1,0,111997906552170296,2024-04-06 17:26:27+00:00,4,6,2024,2170,2174,2174,2170
2,1,1,1,0,0,111997906552170299,2024-04-06 15:00:00+00:00,4,6,2024,2171,2168,2171,2168
2,1,2,1,0,0,111997906552170300,2024-04-06 15:26:46+00:00,4,6,2024,2168,2171,2168,2171
2,1,3,0,1,0,111997906552170301,2024-04-06 15:59:13+00:00,4,6,2024,2171,2168,2168,2171
2,1,1,0,1,0,111997906552170287,2024-04-02 18:00:00+00:00,4,2,2024,2170,2167,2167,2170
2,1,2,1,0,0,111997906552170288,2024-04-02 18:31:29+00:00,4,2,2024,2170,2167,2170,2167
2,1,3,0,1,0,111997906552170289,2024-04-02 18:58:25+00:00,4,2,2024,2167,2170,2170,2167
2,1,1,1,0,0,111997906552170291,2024-04-02 15:00:00+00:00,4,2,2024,2173,2171,2173,2171
2,1,2,1,0,0,111997906552170292,2024-04-02 15:29:36+00:00,4,2,2024,2171,2173,2171,2173
2,1,3,1,0,0,111997906552170293,2024-04-02 16:00:25+00:00,4,2,2024,2171,2173,2171,2173
2,1,1,1,0,0,111997906552170279,2024-04-01 18:00:00+00:00,4,1,2024,2169,2168,2169,2168
2,1,2,0,1,0,111997906552170280,2024-04-01 18:25:38+00:00,4,1,2024,2168,2169,2169,2168
2,1,1,0,1,0,111997906552170283,2024-04-01 15:00:00+00:00,4,1,2024,2349,2174,2174,2349
2,1,2,0,1,0,111997906552170284,2024-04-01 15:30:57+00:00,4,1,2024,2174,2349,2349,2174
2,1,3,1,0,0,111997906552170285,2024-04-01 15:59:01+00:00,4,1,2024,2349,2174,2349,2174
2,1,1,0,1,0,111997906552170267,2024-03-31 18:00:00+00:00,3,31,2024,2170,2169,2169,2170
2,1,2,1,0,0,111997906552170268,2024-03-31 18:28:06+00:00,3,31,2024,2169,2170,2169,2170
2,1,1,1,0,0,111997906552170275,2024-03-31 15:00:00+00:00,3,31,2024,2349,2171,2349,2171
2,1,2,1,0,0,111997906552170276,2024-03-31 15:35:24+00:00,3,31,2024,2349,2171,2349,2171
2,1,1,0,1,0,111997906552170263,2024-03-30 19:00:00+00:00,3,30,2024,2167,2168,2168,2167
2,1,2,0,1,0,111997906552170264,2024-03-30 19:28:42+00:00,3,30,2024,2167,2168,2168,2167
2,1,1,1,0,0,111997906552170271,2024-03-30 16:00:00+00:00,3,30,2024,2173,2174,2173,2174
2,1,2,0,1,0,111997906552170272,2024-03-30 16:31:33+00:00,3,30,2024,2173,2174,2174,2173
2,1,3,1,0,0,111997906552170273,2024-03-30 17:09:32+00:00,3,30,2024,2174,2173,2174,2173
2,0,1,1,0,1,112158029082863929,2024-03-25 19:45:00+00:00,3,25,2024,2173,2172,2173,2172
2,0,1,1,0,1,111997906552104671,2024-03-25 19:00:00+00:00,3,25,2024,2349,2166,2349,2166
2,0,1,1,0,1,111997906552104667,2024-03-25 18:15:00+00:00,3,25,2024,2174,2169,2174,2169
2,0,1,1,0,1,111997906552170255,2024-03-25 17:30:00+00:00,3,25,2024,2170,2168,2170,2168
2,0,1,0,1,1,111997906552104649,2024-03-25 16:45:00+00:00,3,25,2024,2173,2172,2172,2173
2,0,1,1,0,1,111997906552170233,2024-03-25 16:00:00+00:00,3,25,2024,2167,2171,2167,2171
2,0,1,1,0,1,111997906552104675,2024-03-23 19:00:00+00:00,3,23,2024,2171,2166,2171,2166
2,0,1,0,1,1,111997906552039101,2024-03-23 18:15:00+00:00,3,23,2024,2169,2172,2172,2169
2,0,1,1,0,1,111997906552170225,2024-03-23 17:30:00+00:00,3,23,2024,2170,2349,2170,2349
2,0,1,1,0,1,111997906552170239,2024-03-23 16:45:00+00:00,3,23,2024,2167,2174,2167,2174
2,0,1,1,0,1,111997906552170259,2024-03-23 16:00:00+00:00,3,23,2024,2168,2173,2168,2173
2,0,1,0,1,1,111997906552170217,2024-03-22 19:00:00+00:00,3,22,2024,2166,2174,2174,2166
2,0,1,1,0,1,111997906552170243,2024-03-22 18:15:00+00:00,3,22,2024,2171,2170,2171,2170
2,0,1,0,1,1,111997906552104665,2024-03-22 17:30:00+00:00,3,22,2024,2173,2169,2169,2173
2,0,1,0,1,1,111997906552170231,2024-03-22 16:45:00+00:00,3,22,2024,2168,2349,2349,2168
2,0,1,0,1,1,111997906552104643,2024-03-22 16:00:00+00:00,3,22,2024,2172,2167,2167,2172
2,0,1,0,1,1,111997906552170215,2024-03-18 19:00:00+00:00,3,18,2024,2166,2173,2173,2166
2,0,1,1,0,1,111997906552104647,2024-03-18 18:15:00+00:00,3,18,2024,2170,2172,2170,2172
2,0,1,0,1,1,111997906552104659,2024-03-18 17:30:00+00:00,3,18,2024,2167,2169,2169,2167
2,0,1,1,0,1,111997906552170261,2024-03-18 16:45:00+00:00,3,18,2024,2168,2174,2168,2174
2,0,1,1,0,1,111997906552170223,2024-03-18 16:00:00+00:00,3,18,2024,2171,2349,2171,2349
2,0,1,0,1,1,111997906552104669,2024-03-17 19:00:00+00:00,3,17,2024,2169,2168,2168,2169
2,0,1,0,1,1,111997906552170245,2024-03-17 18:15:00+00:00,3,17,2024,2173,2171,2171,2173
2,0,1,1,0,1,111997906552170213,2024-03-17 17:30:00+00:00,3,17,2024,2166,2170,2166,2170
2,0,1,1,0,1,111997906552104651,2024-03-17 16:45:00+00:00,3,17,2024,2174,2172,2174,2172
2,0,1,1,0,1,111997906552170221,2024-03-17 16:00:00+00:00,3,17,2024,2349,2167,2349,2167
2,0,1,1,0,1,111997906552104639,2024-03-16 19:00:00+00:00,3,16,2024,2172,2166,2172,2166
2,0,1,1,0,1,111997906552170253,2024-03-16 18:15:00+00:00,3,16,2024,2174,2170,2174,2170
2,0,1,0,1,1,111997906552104661,2024-03-16 17:30:00+00:00,3,16,2024,2171,2169,2169,2171
2,0,1,1,0,1,111997906552170241,2024-03-16 16:45:00+00:00,3,16,2024,2168,2167,2168,2167
2,0,1,1,0,1,111997906552170227,2024-03-16 16:00:00+00:00,3,16,2024,2349,2173,2349,2173
2,0,1,0,1,1,111997906552104655,2024-03-11 20:00:00+00:00,3,11,2024,2166,2169,2169,2166
2,0,1,0,1,1,111997906552170249,2024-03-11 19:00:00+00:00,3,11,2024,2168,2171,2171,2168
2,0,1,0,1,1,111997906552170235,2024-03-11 18:00:00+00:00,3,11,2024,2170,2167,2167,2170
2,0,1,0,1,1,111997906552170257,2024-03-11 17:00:00+00:00,3,11,2024,2174,2173,2173,2174
2,0,1,1,0,1,111997906552104641,2024-03-11 16:00:00+00:00,3,11,2024,2349,2172,2349,2172
2,0,1,1,0,1,111997906552104663,2024-03-10 20:00:00+00:00,3,10,2024,2169,2170,2169,2170
2,0,1,1,0,1,111997906552170237,2024-03-10 19:00:00+00:00,3,10,2024,2173,2167,2173,2167
2,0,1,0,1,1,111997906552170219,2024-03-10 18:00:00+00:00,3,10,2024,2166,2168,2168,2166
2,0,1,0,1,1,111997906552104645,2024-03-10 17:00:00+00:00,3,10,2024,2172,2171,2171,2172
2,0,1,0,1,1,111997906552170229,2024-03-10 16:00:00+00:00,3,10,2024,2349,2174,2174,2349
2,0,1,0,1,1,111997906552170251,2024-03-09 20:00:00+00:00,3,9,2024,2173,2170,2170,2173
2,0,1,0,1,1,111997906552104673,2024-03-09 19:00:00+00:00,3,9,2024,2167,2166,2166,2167
2,0,1,1,0,1,111997906552104657,2024-03-09 18:00:00+00:00,3,9,2024,2169,2349,2169,2349
2,0,1,0,1,1,111997906552104653,2024-03-09 17:00:00+00:00,3,9,2024,2172,2168,2168,2172
2,0,1,0,1,1,111997906552170247,2024-03-09 16:00:00+00:00,3,9,2024,2171,2174,2174,2171
